consumerId,name,age,latitude,longitude
c3400983,Andrew,16,37,103
c813267,Ranae,3,38,103
c1760247,Kiauna,1,38,103
c5124114,Terra,45,37,103
c5491053,Venetta,14,39,103
c1894428,Natania,3,37,104
c6734286,Janette,13,40,106
c813438,Caressa,11,40,106
c1762299,Lola,21,38,105
c5148738,Annett,8,39,104
c5786541,Hannia,17,38,104
c5440284,Sigurd,6,38,103
c1285200,Jesusenrique,21,41,105
c7423443,Annielee,4,41,103
c1083429,Exavier,7,41,103
c5002191,Nakiaya,6,38,106
c4027977,Ocella,10,39,106
c337302,Maya,16,38,106
c4048560,Aquavia,9,40,103
c584298,Cambri,12,39,103
c7012512,Alma,17,37,106
c4152150,Zara,6,41,104
c1827378,Alliene,3,39,106
c5929686,Austyn,17,37,106
c7158024,Flavius,20,41,103
c5898294,Dorothee,22,39,104
c6781320,Koryn,24,37,104
c1377846,Victorhugo,1,41,103
c535302,Kinsey,9,39,103
c6424560,Noris,11,38,106
c5096619,Aimee,14,40,106
c5161113,Declan,1,37,103
c5935041,Harris,45,37,103
c7222284,Augustus,15,37,105
c6669414,Meleana,5,37,106
c34974,August,23,37,105
c420624,Arin,23,39,106
c5048424,Shauntay,24,39,104
c4582773,Lewie,54,38,106
c6994854,Pascal,3,37,103
c3940254,Lisset,17,37,106
c7284519,Malisa,9,40,104
c7416234,Wynelle,9,41,106
c996921,Eugune,10,39,104
c3964095,Sora,9,40,103
c7570611,Donavyn,5,38,104
c2849445,Shannon,17,40,106
c2194704,Timari,21,40,104
c2337705,Burke,14,38,104
c4053717,Dylan,23,37,103
c646182,Aina,5,39,105
c7755120,Jerred,1,41,105
c5063553,Ceaser,64,39,106
c4764321,Keveon,13,37,106
c1173537,Audrea,14,38,106
c6083487,Sue,24,38,105
c1003743,Lacedric,7,39,104
c4045959,Kieran,14,39,106
c553086,Eric,22,41,106
c6637968,Sarina,6,41,105
c7657515,Coleen,1,40,103
c3892293,Jerrald,4,41,106
c6708987,Terrika,6,38,103
c509850,Tyann,18,41,104
c6119136,Riel,4,40,104
c1431531,Aaliayah,11,41,104
c1179522,Lida,21,39,105
c6155307,Jacques,19,37,104
c1865583,Kaziyah,19,40,105
c6388146,Brieann,10,41,106
c4659651,Jamire,6,38,105
c7917390,Theatus,22,38,103
c7010793,Jacques,24,37,103
c4131522,Arch,21,40,106
c1579842,Tema,22,40,104
c2959254,Chaney,23,39,106
c3512412,Mickal,19,39,103
c2150415,Blayne,4,39,104
c1806237,Akwete,13,39,103
c5675994,Krishelle,12,38,104
c4113720,Jacque,19,41,106
c1366218,Comfort,19,40,103
c395766,Sidonia,20,39,104
c4750128,Casimer,12,41,106
c1003221,Alfredo,18,39,105
c4039695,Brenden,16,41,103
c477918,Carleen,15,37,104
c5735952,Claude,6,38,103
c4833216,Mellony,12,38,105
c2000277,Diana,19,37,104
c4581,Trev,14,39,104
c55908,Rayshard,18,39,104
c671832,Metro,8,39,103
c63027,Cleophas,23,40,103
c757260,July,6,37,105
c1088163,Blia,15,39,104
c5058999,Winston,24,40,103
c4709673,Earl,6,38,106
c517761,Ollis,9,39,105
c6214068,Franciso,21,41,104
